"COUNTRY","YEAR","ISCOStandard"
"EU27_2020",2022,"ISCO08"
"BE",2022,"ISCO08"
"BG",2022,"ISCO08"
"CZ",2022,"ISCO08"
"DK",2022,"ISCO08"
"DE",2022,"ISCO08"
"EE",2022,"ISCO08"
"IE",2022,"ISCO08"
"EL",2022,"ISCO08"
"ES",2022,"ISCO08"
"FR",2022,"ISCO08"
"HR",2022,"ISCO08"
"IT",2022,"ISCO08"
"CY",2022,"ISCO08"
"LV",2022,"ISCO08"
"LT",2022,"ISCO08"
"LU",2022,"ISCO08"
"HU",2022,"ISCO08"
"MT",2022,"ISCO08"
"NL",2022,"ISCO08"
"AT",2022,"ISCO08"
"PL",2022,"ISCO08"
"PT",2022,"ISCO08"
"RO",2022,"ISCO08"
"SI",2022,"ISCO08"
"SK",2022,"ISCO08"
"FI",2022,"ISCO08"
"SE",2022,"ISCO08"
"IS",2022,"ISCO08"
"NO",2022,"ISCO08"
"CH",2022,"ISCO08"
"RS",2022,"ISCO08"
"EU27_2020",2021,"ISCO08"
"BE",2021,"ISCO08"
"BG",2021,"ISCO08"
"CZ",2021,"ISCO08"
"DK",2021,"ISCO08"
"DE",2021,"ISCO08"
"EE",2021,"ISCO08"
"IE",2021,"ISCO08"
"EL",2021,"ISCO08"
"ES",2021,"ISCO08"
"FR",2021,"ISCO08"
"HR",2021,"ISCO08"
"IT",2021,"ISCO08"
"CY",2021,"ISCO08"
"LV",2021,"ISCO08"
"LT",2021,"ISCO08"
"LU",2021,"ISCO08"
"HU",2021,"ISCO08"
"MT",2021,"ISCO08"
"NL",2021,"ISCO08"
"AT",2021,"ISCO08"
"PL",2021,"ISCO08"
"PT",2021,"ISCO08"
"RO",2021,"ISCO08"
"SI",2021,"ISCO08"
"SK",2021,"ISCO08"
"FI",2021,"ISCO08"
"SE",2021,"ISCO08"
"IS",2021,"ISCO08"
"NO",2021,"ISCO08"
"CH",2021,"ISCO08"
"RS",2021,"ISCO08"
"EU27_2020",2020,"ISCO08"
"EU27_2020",2020,"ISCO88"
"BE",2020,"ISCO08"
"BE",2020,"ISCO88"
"BG",2020,"ISCO08"
"BG",2020,"ISCO88"
"CZ",2020,"ISCO08"
"CZ",2020,"ISCO88"
"DK",2020,"ISCO08"
"DK",2020,"ISCO88"
"DE",2020,"ISCO08"
"DE",2020,"ISCO88"
"EE",2020,"ISCO08"
"EE",2020,"ISCO88"
"IE",2020,"ISCO08"
"IE",2020,"ISCO88"
"EL",2020,"ISCO08"
"EL",2020,"ISCO88"
"ES",2020,"ISCO08"
"ES",2020,"ISCO88"
"FR",2020,"ISCO08"
"FR",2020,"ISCO88"
"HR",2020,"ISCO08"
"HR",2020,"ISCO88"
"IT",2020,"ISCO08"
"IT",2020,"ISCO88"
"CY",2020,"ISCO08"
"CY",2020,"ISCO88"
"LV",2020,"ISCO08"
"LV",2020,"ISCO88"
"LT",2020,"ISCO08"
"LT",2020,"ISCO88"
"LU",2020,"ISCO08"
"LU",2020,"ISCO88"
"HU",2020,"ISCO08"
"HU",2020,"ISCO88"
"MT",2020,"ISCO08"
"MT",2020,"ISCO88"
"NL",2020,"ISCO08"
"NL",2020,"ISCO88"
"AT",2020,"ISCO08"
"AT",2020,"ISCO88"
"PL",2020,"ISCO08"
"PL",2020,"ISCO88"
"PT",2020,"ISCO08"
"PT",2020,"ISCO88"
"RO",2020,"ISCO08"
"RO",2020,"ISCO88"
"SI",2020,"ISCO08"
"SI",2020,"ISCO88"
"SK",2020,"ISCO08"
"SK",2020,"ISCO88"
"FI",2020,"ISCO08"
"FI",2020,"ISCO88"
"SE",2020,"ISCO08"
"SE",2020,"ISCO88"
"IS",2020,"ISCO08"
"IS",2020,"ISCO88"
"NO",2020,"ISCO08"
"NO",2020,"ISCO88"
"CH",2020,"ISCO08"
"CH",2020,"ISCO88"
"ME",2020,"ISCO08"
"ME",2020,"ISCO88"
"MK",2020,"ISCO08"
"MK",2020,"ISCO88"
"RS",2020,"ISCO08"
"RS",2020,"ISCO88"
"TR",2020,"ISCO08"
"TR",2020,"ISCO88"
"EU27_2020",2019,"ISCO08"
"EU27_2020",2019,"ISCO88"
"EU28",2019,"ISCO08"
"EU28",2019,"ISCO88"
"BE",2019,"ISCO08"
"BE",2019,"ISCO88"
"BG",2019,"ISCO08"
"BG",2019,"ISCO88"
"CZ",2019,"ISCO08"
"CZ",2019,"ISCO88"
"DK",2019,"ISCO08"
"DK",2019,"ISCO88"
"DE",2019,"ISCO08"
"DE",2019,"ISCO88"
"EE",2019,"ISCO08"
"EE",2019,"ISCO88"
"IE",2019,"ISCO08"
"IE",2019,"ISCO88"
"EL",2019,"ISCO08"
"EL",2019,"ISCO88"
"ES",2019,"ISCO08"
"ES",2019,"ISCO88"
"FR",2019,"ISCO08"
"FR",2019,"ISCO88"
"HR",2019,"ISCO08"
"HR",2019,"ISCO88"
"IT",2019,"ISCO08"
"IT",2019,"ISCO88"
"CY",2019,"ISCO08"
"CY",2019,"ISCO88"
"LV",2019,"ISCO88"
"LV",2019,"ISCO08"
"LT",2019,"ISCO08"
"LT",2019,"ISCO88"
"LU",2019,"ISCO08"
"LU",2019,"ISCO88"
"HU",2019,"ISCO08"
"HU",2019,"ISCO88"
"MT",2019,"ISCO08"
"MT",2019,"ISCO88"
"NL",2019,"ISCO08"
"NL",2019,"ISCO88"
"AT",2019,"ISCO08"
"AT",2019,"ISCO88"
"PL",2019,"ISCO08"
"PL",2019,"ISCO88"
"PT",2019,"ISCO08"
"PT",2019,"ISCO88"
"RO",2019,"ISCO08"
"RO",2019,"ISCO88"
"SI",2019,"ISCO08"
"SI",2019,"ISCO88"
"SK",2019,"ISCO08"
"SK",2019,"ISCO88"
"FI",2019,"ISCO08"
"FI",2019,"ISCO88"
"SE",2019,"ISCO08"
"SE",2019,"ISCO88"
"IS",2019,"ISCO08"
"IS",2019,"ISCO88"
"NO",2019,"ISCO08"
"NO",2019,"ISCO88"
"CH",2019,"ISCO08"
"CH",2019,"ISCO88"
"UK",2019,"ISCO08"
"UK",2019,"ISCO88"
"ME",2019,"ISCO08"
"ME",2019,"ISCO88"
"MK",2019,"ISCO08"
"MK",2019,"ISCO88"
"RS",2019,"ISCO08"
"RS",2019,"ISCO88"
"TR",2019,"ISCO08"
"TR",2019,"ISCO88"
"EU27_2020",2018,"ISCO08"
"EU27_2020",2018,"ISCO88"
"EU28",2018,"ISCO08"
"EU28",2018,"ISCO88"
"BE",2018,"ISCO08"
"BE",2018,"ISCO88"
"BG",2018,"ISCO08"
"BG",2018,"ISCO88"
"CZ",2018,"ISCO08"
"CZ",2018,"ISCO88"
"DK",2018,"ISCO08"
"DK",2018,"ISCO88"
"DE",2018,"ISCO08"
"DE",2018,"ISCO88"
"EE",2018,"ISCO08"
"EE",2018,"ISCO88"
"IE",2018,"ISCO08"
"IE",2018,"ISCO88"
"EL",2018,"ISCO08"
"EL",2018,"ISCO88"
"ES",2018,"ISCO08"
"ES",2018,"ISCO88"
"FR",2018,"ISCO08"
"FR",2018,"ISCO88"
"HR",2018,"ISCO08"
"HR",2018,"ISCO88"
"IT",2018,"ISCO08"
"IT",2018,"ISCO88"
"CY",2018,"ISCO08"
"CY",2018,"ISCO88"
"LV",2018,"ISCO08"
"LV",2018,"ISCO88"
"LT",2018,"ISCO08"
"LT",2018,"ISCO88"
"LU",2018,"ISCO08"
"LU",2018,"ISCO88"
"HU",2018,"ISCO08"
"HU",2018,"ISCO88"
"MT",2018,"ISCO08"
"MT",2018,"ISCO88"
"NL",2018,"ISCO08"
"NL",2018,"ISCO88"
"AT",2018,"ISCO08"
"AT",2018,"ISCO88"
"PL",2018,"ISCO08"
"PL",2018,"ISCO88"
"PT",2018,"ISCO08"
"PT",2018,"ISCO88"
"RO",2018,"ISCO08"
"RO",2018,"ISCO88"
"SI",2018,"ISCO08"
"SI",2018,"ISCO88"
"SK",2018,"ISCO08"
"SK",2018,"ISCO88"
"FI",2018,"ISCO08"
"FI",2018,"ISCO88"
"SE",2018,"ISCO08"
"SE",2018,"ISCO88"
"IS",2018,"ISCO08"
"IS",2018,"ISCO88"
"NO",2018,"ISCO08"
"NO",2018,"ISCO88"
"CH",2018,"ISCO08"
"CH",2018,"ISCO88"
"UK",2018,"ISCO08"
"UK",2018,"ISCO88"
"ME",2018,"ISCO08"
"ME",2018,"ISCO88"
"MK",2018,"ISCO08"
"MK",2018,"ISCO88"
"RS",2018,"ISCO08"
"RS",2018,"ISCO88"
"TR",2018,"ISCO08"
"TR",2018,"ISCO88"
"EU27_2020",2017,"ISCO08"
"EU27_2020",2017,"ISCO88"
"EU28",2017,"ISCO08"
"EU28",2017,"ISCO88"
"BE",2017,"ISCO08"
"BE",2017,"ISCO88"
"BG",2017,"ISCO08"
"BG",2017,"ISCO88"
"CZ",2017,"ISCO08"
"CZ",2017,"ISCO88"
"DK",2017,"ISCO08"
"DK",2017,"ISCO88"
"DE",2017,"ISCO08"
"DE",2017,"ISCO88"
"EE",2017,"ISCO08"
"EE",2017,"ISCO88"
"IE",2017,"ISCO88"
"IE",2017,"ISCO08"
"EL",2017,"ISCO08"
"EL",2017,"ISCO88"
"ES",2017,"ISCO08"
"ES",2017,"ISCO88"
"FR",2017,"ISCO08"
"FR",2017,"ISCO88"
"HR",2017,"ISCO08"
"HR",2017,"ISCO88"
"IT",2017,"ISCO08"
"IT",2017,"ISCO88"
"CY",2017,"ISCO08"
"CY",2017,"ISCO88"
"LV",2017,"ISCO08"
"LV",2017,"ISCO88"
"LT",2017,"ISCO08"
"LT",2017,"ISCO88"
"LU",2017,"ISCO08"
"LU",2017,"ISCO88"
"HU",2017,"ISCO08"
"HU",2017,"ISCO88"
"MT",2017,"ISCO08"
"MT",2017,"ISCO88"
"NL",2017,"ISCO08"
"NL",2017,"ISCO88"
"AT",2017,"ISCO08"
"AT",2017,"ISCO88"
"PL",2017,"ISCO08"
"PL",2017,"ISCO88"
"PT",2017,"ISCO08"
"PT",2017,"ISCO88"
"RO",2017,"ISCO08"
"RO",2017,"ISCO88"
"SI",2017,"ISCO08"
"SI",2017,"ISCO88"
"SK",2017,"ISCO08"
"SK",2017,"ISCO88"
"FI",2017,"ISCO08"
"FI",2017,"ISCO88"
"SE",2017,"ISCO08"
"SE",2017,"ISCO88"
"IS",2017,"ISCO08"
"IS",2017,"ISCO88"
"NO",2017,"ISCO08"
"NO",2017,"ISCO88"
"CH",2017,"ISCO08"
"CH",2017,"ISCO88"
"UK",2017,"ISCO08"
"UK",2017,"ISCO88"
"ME",2017,"ISCO08"
"ME",2017,"ISCO88"
"MK",2017,"ISCO08"
"MK",2017,"ISCO88"
"RS",2017,"ISCO08"
"RS",2017,"ISCO88"
"TR",2017,"ISCO08"
"TR",2017,"ISCO88"
"EU27_2020",2016,"ISCO08"
"EU27_2020",2016,"ISCO88"
"EU28",2016,"ISCO08"
"EU28",2016,"ISCO88"
"BE",2016,"ISCO08"
"BE",2016,"ISCO88"
"BG",2016,"ISCO08"
"BG",2016,"ISCO88"
"CZ",2016,"ISCO08"
"CZ",2016,"ISCO88"
"DK",2016,"ISCO08"
"DK",2016,"ISCO88"
"DE",2016,"ISCO08"
"DE",2016,"ISCO88"
"EE",2016,"ISCO08"
"EE",2016,"ISCO88"
"IE",2016,"ISCO88"
"IE",2016,"ISCO08"
"EL",2016,"ISCO08"
"EL",2016,"ISCO88"
"ES",2016,"ISCO08"
"ES",2016,"ISCO88"
"FR",2016,"ISCO08"
"FR",2016,"ISCO88"
"HR",2016,"ISCO08"
"HR",2016,"ISCO88"
"IT",2016,"ISCO08"
"IT",2016,"ISCO88"
"CY",2016,"ISCO08"
"CY",2016,"ISCO88"
"LV",2016,"ISCO08"
"LV",2016,"ISCO88"
"LT",2016,"ISCO08"
"LT",2016,"ISCO88"
"LU",2016,"ISCO08"
"LU",2016,"ISCO88"
"HU",2016,"ISCO08"
"HU",2016,"ISCO88"
"MT",2016,"ISCO08"
"MT",2016,"ISCO88"
"NL",2016,"ISCO08"
"NL",2016,"ISCO88"
"AT",2016,"ISCO08"
"AT",2016,"ISCO88"
"PL",2016,"ISCO08"
"PL",2016,"ISCO88"
"PT",2016,"ISCO08"
"PT",2016,"ISCO88"
"RO",2016,"ISCO08"
"RO",2016,"ISCO88"
"SI",2016,"ISCO08"
"SI",2016,"ISCO88"
"SK",2016,"ISCO08"
"SK",2016,"ISCO88"
"FI",2016,"ISCO08"
"FI",2016,"ISCO88"
"SE",2016,"ISCO08"
"SE",2016,"ISCO88"
"IS",2016,"ISCO08"
"IS",2016,"ISCO88"
"NO",2016,"ISCO08"
"NO",2016,"ISCO88"
"CH",2016,"ISCO08"
"CH",2016,"ISCO88"
"UK",2016,"ISCO08"
"UK",2016,"ISCO88"
"ME",2016,"ISCO08"
"ME",2016,"ISCO88"
"MK",2016,"ISCO08"
"MK",2016,"ISCO88"
"RS",2016,"ISCO08"
"RS",2016,"ISCO88"
"TR",2016,"ISCO08"
"TR",2016,"ISCO88"
"EU27_2020",2015,"ISCO08"
"EU27_2020",2015,"ISCO88"
"EU28",2015,"ISCO08"
"EU28",2015,"ISCO88"
"BE",2015,"ISCO08"
"BE",2015,"ISCO88"
"BG",2015,"ISCO08"
"BG",2015,"ISCO88"
"CZ",2015,"ISCO08"
"CZ",2015,"ISCO88"
"DK",2015,"ISCO08"
"DK",2015,"ISCO88"
"DE",2015,"ISCO08"
"DE",2015,"ISCO88"
"EE",2015,"ISCO08"
"EE",2015,"ISCO88"
"IE",2015,"ISCO08"
"IE",2015,"ISCO88"
"EL",2015,"ISCO08"
"EL",2015,"ISCO88"
"ES",2015,"ISCO08"
"ES",2015,"ISCO88"
"FR",2015,"ISCO08"
"FR",2015,"ISCO88"
"HR",2015,"ISCO08"
"HR",2015,"ISCO88"
"IT",2015,"ISCO08"
"IT",2015,"ISCO88"
"CY",2015,"ISCO08"
"CY",2015,"ISCO88"
"LV",2015,"ISCO08"
"LV",2015,"ISCO88"
"LT",2015,"ISCO08"
"LT",2015,"ISCO88"
"LU",2015,"ISCO08"
"LU",2015,"ISCO88"
"HU",2015,"ISCO08"
"HU",2015,"ISCO88"
"MT",2015,"ISCO08"
"MT",2015,"ISCO88"
"NL",2015,"ISCO08"
"NL",2015,"ISCO88"
"AT",2015,"ISCO08"
"AT",2015,"ISCO88"
"PL",2015,"ISCO08"
"PL",2015,"ISCO88"
"PT",2015,"ISCO08"
"PT",2015,"ISCO88"
"RO",2015,"ISCO08"
"RO",2015,"ISCO88"
"SI",2015,"ISCO08"
"SI",2015,"ISCO88"
"SK",2015,"ISCO08"
"SK",2015,"ISCO88"
"FI",2015,"ISCO08"
"FI",2015,"ISCO88"
"SE",2015,"ISCO08"
"SE",2015,"ISCO88"
"IS",2015,"ISCO08"
"IS",2015,"ISCO88"
"NO",2015,"ISCO08"
"NO",2015,"ISCO88"
"CH",2015,"ISCO08"
"CH",2015,"ISCO88"
"UK",2015,"ISCO08"
"UK",2015,"ISCO88"
"ME",2015,"ISCO88"
"ME",2015,"ISCO08"
"MK",2015,"ISCO08"
"MK",2015,"ISCO88"
"RS",2015,"ISCO08"
"RS",2015,"ISCO88"
"TR",2015,"ISCO08"
"TR",2015,"ISCO88"
"EU27_2020",2014,"ISCO08"
"EU27_2020",2014,"ISCO88"
"EU28",2014,"ISCO08"
"EU28",2014,"ISCO88"
"BE",2014,"ISCO08"
"BE",2014,"ISCO88"
"BG",2014,"ISCO08"
"BG",2014,"ISCO88"
"CZ",2014,"ISCO08"
"CZ",2014,"ISCO88"
"DK",2014,"ISCO08"
"DK",2014,"ISCO88"
"DE",2014,"ISCO08"
"DE",2014,"ISCO88"
"EE",2014,"ISCO08"
"EE",2014,"ISCO88"
"IE",2014,"ISCO08"
"IE",2014,"ISCO88"
"EL",2014,"ISCO08"
"EL",2014,"ISCO88"
"ES",2014,"ISCO08"
"ES",2014,"ISCO88"
"FR",2014,"ISCO08"
"FR",2014,"ISCO88"
"HR",2014,"ISCO08"
"HR",2014,"ISCO88"
"IT",2014,"ISCO08"
"IT",2014,"ISCO88"
"CY",2014,"ISCO08"
"CY",2014,"ISCO88"
"LV",2014,"ISCO08"
"LV",2014,"ISCO88"
"LT",2014,"ISCO08"
"LT",2014,"ISCO88"
"LU",2014,"ISCO08"
"LU",2014,"ISCO88"
"HU",2014,"ISCO08"
"HU",2014,"ISCO88"
"MT",2014,"ISCO08"
"MT",2014,"ISCO88"
"NL",2014,"ISCO08"
"NL",2014,"ISCO88"
"AT",2014,"ISCO08"
"AT",2014,"ISCO88"
"PL",2014,"ISCO08"
"PL",2014,"ISCO88"
"PT",2014,"ISCO08"
"PT",2014,"ISCO88"
"RO",2014,"ISCO08"
"RO",2014,"ISCO88"
"SI",2014,"ISCO08"
"SI",2014,"ISCO88"
"SK",2014,"ISCO08"
"SK",2014,"ISCO88"
"FI",2014,"ISCO08"
"FI",2014,"ISCO88"
"SE",2014,"ISCO08"
"SE",2014,"ISCO88"
"IS",2014,"ISCO08"
"IS",2014,"ISCO88"
"NO",2014,"ISCO08"
"NO",2014,"ISCO88"
"CH",2014,"ISCO08"
"CH",2014,"ISCO88"
"UK",2014,"ISCO08"
"UK",2014,"ISCO88"
"ME",2014,"ISCO08"
"ME",2014,"ISCO88"
"MK",2014,"ISCO08"
"MK",2014,"ISCO88"
"RS",2014,"ISCO08"
"RS",2014,"ISCO88"
"TR",2014,"ISCO08"
"TR",2014,"ISCO88"
"EU27_2020",2013,"ISCO08"
"EU27_2020",2013,"ISCO88"
"EU28",2013,"ISCO08"
"EU28",2013,"ISCO88"
"BE",2013,"ISCO88"
"BE",2013,"ISCO08"
"BG",2013,"ISCO08"
"BG",2013,"ISCO88"
"CZ",2013,"ISCO08"
"CZ",2013,"ISCO88"
"DK",2013,"ISCO08"
"DK",2013,"ISCO88"
"DE",2013,"ISCO08"
"DE",2013,"ISCO88"
"EE",2013,"ISCO08"
"EE",2013,"ISCO88"
"IE",2013,"ISCO08"
"IE",2013,"ISCO88"
"EL",2013,"ISCO08"
"EL",2013,"ISCO88"
"ES",2013,"ISCO08"
"ES",2013,"ISCO88"
"FR",2013,"ISCO08"
"FR",2013,"ISCO88"
"HR",2013,"ISCO08"
"HR",2013,"ISCO88"
"IT",2013,"ISCO08"
"IT",2013,"ISCO88"
"CY",2013,"ISCO08"
"CY",2013,"ISCO88"
"LV",2013,"ISCO08"
"LV",2013,"ISCO88"
"LT",2013,"ISCO08"
"LT",2013,"ISCO88"
"LU",2013,"ISCO08"
"LU",2013,"ISCO88"
"HU",2013,"ISCO08"
"HU",2013,"ISCO88"
"MT",2013,"ISCO08"
"MT",2013,"ISCO88"
"NL",2013,"ISCO08"
"NL",2013,"ISCO88"
"AT",2013,"ISCO08"
"AT",2013,"ISCO88"
"PL",2013,"ISCO08"
"PL",2013,"ISCO88"
"PT",2013,"ISCO08"
"PT",2013,"ISCO88"
"RO",2013,"ISCO08"
"RO",2013,"ISCO88"
"SI",2013,"ISCO08"
"SI",2013,"ISCO88"
"SK",2013,"ISCO08"
"SK",2013,"ISCO88"
"FI",2013,"ISCO08"
"FI",2013,"ISCO88"
"SE",2013,"ISCO08"
"SE",2013,"ISCO88"
"IS",2013,"ISCO08"
"IS",2013,"ISCO88"
"NO",2013,"ISCO08"
"NO",2013,"ISCO88"
"CH",2013,"ISCO08"
"CH",2013,"ISCO88"
"UK",2013,"ISCO08"
"UK",2013,"ISCO88"
"ME",2013,"ISCO08"
"ME",2013,"ISCO88"
"MK",2013,"ISCO08"
"MK",2013,"ISCO88"
"RS",2013,"ISCO08"
"RS",2013,"ISCO88"
"TR",2013,"ISCO08"
"TR",2013,"ISCO88"
"EU27_2020",2012,"ISCO08"
"EU27_2020",2012,"ISCO88"
"EU28",2012,"ISCO08"
"EU28",2012,"ISCO88"
"BE",2012,"ISCO08"
"BE",2012,"ISCO88"
"BG",2012,"ISCO08"
"BG",2012,"ISCO88"
"CZ",2012,"ISCO88"
"CZ",2012,"ISCO08"
"DK",2012,"ISCO08"
"DK",2012,"ISCO88"
"DE",2012,"ISCO08"
"DE",2012,"ISCO88"
"EE",2012,"ISCO08"
"EE",2012,"ISCO88"
"IE",2012,"ISCO08"
"IE",2012,"ISCO88"
"EL",2012,"ISCO08"
"EL",2012,"ISCO88"
"ES",2012,"ISCO08"
"ES",2012,"ISCO88"
"FR",2012,"ISCO08"
"FR",2012,"ISCO88"
"HR",2012,"ISCO08"
"HR",2012,"ISCO88"
"IT",2012,"ISCO08"
"IT",2012,"ISCO88"
"CY",2012,"ISCO08"
"CY",2012,"ISCO88"
"LV",2012,"ISCO08"
"LV",2012,"ISCO88"
"LT",2012,"ISCO08"
"LT",2012,"ISCO88"
"LU",2012,"ISCO08"
"LU",2012,"ISCO88"
"HU",2012,"ISCO08"
"HU",2012,"ISCO88"
"MT",2012,"ISCO08"
"MT",2012,"ISCO88"
"NL",2012,"ISCO88"
"NL",2012,"ISCO08"
"AT",2012,"ISCO08"
"AT",2012,"ISCO88"
"PL",2012,"ISCO08"
"PL",2012,"ISCO88"
"PT",2012,"ISCO08"
"PT",2012,"ISCO88"
"RO",2012,"ISCO08"
"RO",2012,"ISCO88"
"SI",2012,"ISCO08"
"SI",2012,"ISCO88"
"SK",2012,"ISCO08"
"SK",2012,"ISCO88"
"FI",2012,"ISCO08"
"FI",2012,"ISCO88"
"SE",2012,"ISCO08"
"SE",2012,"ISCO88"
"IS",2012,"ISCO08"
"IS",2012,"ISCO88"
"NO",2012,"ISCO08"
"NO",2012,"ISCO88"
"CH",2012,"ISCO08"
"CH",2012,"ISCO88"
"UK",2012,"ISCO08"
"UK",2012,"ISCO88"
"ME",2012,"ISCO08"
"ME",2012,"ISCO88"
"MK",2012,"ISCO08"
"MK",2012,"ISCO88"
"RS",2012,"ISCO88"
"RS",2012,"ISCO08"
"TR",2012,"ISCO08"
"TR",2012,"ISCO88"
"EU27_2020",2011,"ISCO08"
"EU27_2020",2011,"ISCO88"
"EU28",2011,"ISCO08"
"EU28",2011,"ISCO88"
"BE",2011,"ISCO08"
"BE",2011,"ISCO88"
"BG",2011,"ISCO08"
"BG",2011,"ISCO88"
"CZ",2011,"ISCO08"
"CZ",2011,"ISCO88"
"DK",2011,"ISCO08"
"DK",2011,"ISCO88"
"DE",2011,"ISCO08"
"DE",2011,"ISCO88"
"EE",2011,"ISCO08"
"EE",2011,"ISCO88"
"IE",2011,"ISCO08"
"IE",2011,"ISCO88"
"EL",2011,"ISCO08"
"EL",2011,"ISCO88"
"ES",2011,"ISCO08"
"ES",2011,"ISCO88"
"FR",2011,"ISCO08"
"FR",2011,"ISCO88"
"HR",2011,"ISCO08"
"HR",2011,"ISCO88"
"IT",2011,"ISCO08"
"IT",2011,"ISCO88"
"CY",2011,"ISCO08"
"CY",2011,"ISCO88"
"LV",2011,"ISCO08"
"LV",2011,"ISCO88"
"LT",2011,"ISCO08"
"LT",2011,"ISCO88"
"LU",2011,"ISCO08"
"LU",2011,"ISCO88"
"HU",2011,"ISCO08"
"HU",2011,"ISCO88"
"MT",2011,"ISCO08"
"MT",2011,"ISCO88"
"NL",2011,"ISCO08"
"NL",2011,"ISCO88"
"AT",2011,"ISCO08"
"AT",2011,"ISCO88"
"PL",2011,"ISCO08"
"PL",2011,"ISCO88"
"PT",2011,"ISCO08"
"PT",2011,"ISCO88"
"RO",2011,"ISCO08"
"RO",2011,"ISCO88"
"SI",2011,"ISCO08"
"SI",2011,"ISCO88"
"SK",2011,"ISCO08"
"SK",2011,"ISCO88"
"FI",2011,"ISCO08"
"FI",2011,"ISCO88"
"SE",2011,"ISCO08"
"SE",2011,"ISCO88"
"IS",2011,"ISCO08"
"IS",2011,"ISCO88"
"NO",2011,"ISCO88"
"NO",2011,"ISCO08"
"CH",2011,"ISCO08"
"CH",2011,"ISCO88"
"UK",2011,"ISCO08"
"UK",2011,"ISCO88"
"ME",2011,"ISCO08"
"ME",2011,"ISCO88"
"MK",2011,"ISCO08"
"MK",2011,"ISCO88"
"RS",2011,"ISCO08"
"RS",2011,"ISCO88"
"TR",2011,"ISCO08"
"TR",2011,"ISCO88"
"EU27_2020",2010,"ISCO88"
"EU27_2020",2010,"ISCO08"
"EU28",2010,"ISCO88"
"EU28",2010,"ISCO08"
"BE",2010,"ISCO88"
"BG",2010,"ISCO88"
"CZ",2010,"ISCO88"
"CZ",2010,"ISCO08"
"DK",2010,"ISCO88"
"DK",2010,"ISCO08"
"DE",2010,"ISCO88"
"DE",2010,"ISCO08"
"EE",2010,"ISCO88"
"EE",2010,"ISCO08"
"IE",2010,"ISCO88"
"IE",2010,"ISCO08"
"EL",2010,"ISCO88"
"ES",2010,"ISCO88"
"FR",2010,"ISCO88"
"FR",2010,"ISCO08"
"HR",2010,"ISCO88"
"HR",2010,"ISCO08"
"IT",2010,"ISCO88"
"CY",2010,"ISCO88"
"LV",2010,"ISCO88"
"LV",2010,"ISCO08"
"LT",2010,"ISCO88"
"LU",2010,"ISCO88"
"LU",2010,"ISCO08"
"HU",2010,"ISCO88"
"MT",2010,"ISCO88"
"NL",2010,"ISCO88"
"NL",2010,"ISCO08"
"AT",2010,"ISCO88"
"PL",2010,"ISCO88"
"PL",2010,"ISCO08"
"PT",2010,"ISCO88"
"RO",2010,"ISCO88"
"RO",2010,"ISCO08"
"SI",2010,"ISCO88"
"SI",2010,"ISCO08"
"SK",2010,"ISCO88"
"FI",2010,"ISCO88"
"FI",2010,"ISCO08"
"SE",2010,"ISCO88"
"SE",2010,"ISCO08"
"IS",2010,"ISCO88"
"IS",2010,"ISCO08"
"NO",2010,"ISCO88"
"NO",2010,"ISCO08"
"CH",2010,"ISCO88"
"CH",2010,"ISCO08"
"UK",2010,"ISCO88"
"UK",2010,"ISCO08"
"MK",2010,"ISCO88"
"RS",2010,"ISCO88"
"RS",2010,"ISCO08"
"TR",2010,"ISCO88"
"EU27_2020",2009,"ISCO88"
"EU27_2020",2009,"ISCO08"
"EU28",2009,"ISCO88"
"EU28",2009,"ISCO08"
"BE",2009,"ISCO88"
"BG",2009,"ISCO88"
"CZ",2009,"ISCO88"
"CZ",2009,"ISCO08"
"DK",2009,"ISCO88"
"DK",2009,"ISCO08"
"DE",2009,"ISCO88"
"DE",2009,"ISCO08"
"EE",2009,"ISCO88"
"EE",2009,"ISCO08"
"IE",2009,"ISCO88"
"IE",2009,"ISCO08"
"EL",2009,"ISCO88"
"ES",2009,"ISCO88"
"FR",2009,"ISCO88"
"FR",2009,"ISCO08"
"HR",2009,"ISCO88"
"HR",2009,"ISCO08"
"IT",2009,"ISCO88"
"CY",2009,"ISCO88"
"LV",2009,"ISCO88"
"LV",2009,"ISCO08"
"LT",2009,"ISCO88"
"LU",2009,"ISCO88"
"LU",2009,"ISCO08"
"HU",2009,"ISCO88"
"MT",2009,"ISCO88"
"NL",2009,"ISCO88"
"NL",2009,"ISCO08"
"AT",2009,"ISCO88"
"PL",2009,"ISCO88"
"PL",2009,"ISCO08"
"PT",2009,"ISCO88"
"RO",2009,"ISCO88"
"RO",2009,"ISCO08"
"SI",2009,"ISCO88"
"SI",2009,"ISCO08"
"SK",2009,"ISCO88"
"SK",2009,"ISCO08"
"FI",2009,"ISCO88"
"FI",2009,"ISCO08"
"SE",2009,"ISCO88"
"SE",2009,"ISCO08"
"IS",2009,"ISCO88"
"IS",2009,"ISCO08"
"NO",2009,"ISCO88"
"NO",2009,"ISCO08"
"CH",2009,"ISCO88"
"CH",2009,"ISCO08"
"UK",2009,"ISCO88"
"UK",2009,"ISCO08"
"MK",2009,"ISCO88"
"TR",2009,"ISCO88"
"EU27_2020",2008,"ISCO88"
"EU27_2020",2008,"ISCO08"
"EU28",2008,"ISCO88"
"EU28",2008,"ISCO08"
"BE",2008,"ISCO88"
"BE",2008,"ISCO08"
"BG",2008,"ISCO88"
"CZ",2008,"ISCO88"
"CZ",2008,"ISCO08"
"DK",2008,"ISCO88"
"DK",2008,"ISCO08"
"DE",2008,"ISCO88"
"DE",2008,"ISCO08"
"EE",2008,"ISCO88"
"EE",2008,"ISCO08"
"IE",2008,"ISCO88"
"IE",2008,"ISCO08"
"EL",2008,"ISCO88"
"ES",2008,"ISCO88"
"FR",2008,"ISCO88"
"FR",2008,"ISCO08"
"HR",2008,"ISCO88"
"HR",2008,"ISCO08"
"IT",2008,"ISCO88"
"CY",2008,"ISCO88"
"LV",2008,"ISCO88"
"LV",2008,"ISCO08"
"LT",2008,"ISCO88"
"LU",2008,"ISCO88"
"HU",2008,"ISCO88"
"MT",2008,"ISCO88"
"NL",2008,"ISCO88"
"NL",2008,"ISCO08"
"AT",2008,"ISCO88"
"PL",2008,"ISCO88"
"PL",2008,"ISCO08"
"PT",2008,"ISCO88"
"RO",2008,"ISCO88"
"RO",2008,"ISCO08"
"SI",2008,"ISCO88"
"SI",2008,"ISCO08"
"SK",2008,"ISCO88"
"FI",2008,"ISCO88"
"FI",2008,"ISCO08"
"SE",2008,"ISCO88"
"SE",2008,"ISCO08"
"IS",2008,"ISCO88"
"IS",2008,"ISCO08"
"NO",2008,"ISCO88"
"NO",2008,"ISCO08"
"CH",2008,"ISCO08"
"CH",2008,"ISCO88"
"UK",2008,"ISCO88"
"UK",2008,"ISCO08"
"MK",2008,"ISCO88"
"TR",2008,"ISCO88"
"TR",2008,"ISCO08"
"EU27_2020",2007,"ISCO88"
"EU27_2020",2007,"ISCO08"
"EU28",2007,"ISCO88"
"EU28",2007,"ISCO08"
"BE",2007,"ISCO88"
"BE",2007,"ISCO08"
"BG",2007,"ISCO88"
"CZ",2007,"ISCO88"
"CZ",2007,"ISCO08"
"DK",2007,"ISCO88"
"DK",2007,"ISCO08"
"DE",2007,"ISCO88"
"DE",2007,"ISCO08"
"EE",2007,"ISCO88"
"EE",2007,"ISCO08"
"IE",2007,"ISCO88"
"IE",2007,"ISCO08"
"EL",2007,"ISCO88"
"ES",2007,"ISCO88"
"FR",2007,"ISCO88"
"FR",2007,"ISCO08"
"HR",2007,"ISCO88"
"HR",2007,"ISCO08"
"IT",2007,"ISCO88"
"CY",2007,"ISCO88"
"LV",2007,"ISCO88"
"LV",2007,"ISCO08"
"LT",2007,"ISCO88"
"LU",2007,"ISCO88"
"HU",2007,"ISCO88"
"HU",2007,"ISCO08"
"MT",2007,"ISCO88"
"NL",2007,"ISCO88"
"NL",2007,"ISCO08"
"AT",2007,"ISCO88"
"PL",2007,"ISCO88"
"PL",2007,"ISCO08"
"PT",2007,"ISCO88"
"RO",2007,"ISCO88"
"SI",2007,"ISCO88"
"SI",2007,"ISCO08"
"SK",2007,"ISCO88"
"FI",2007,"ISCO88"
"FI",2007,"ISCO08"
"SE",2007,"ISCO88"
"SE",2007,"ISCO08"
"IS",2007,"ISCO88"
"IS",2007,"ISCO08"
"NO",2007,"ISCO88"
"NO",2007,"ISCO08"
"CH",2007,"ISCO88"
"CH",2007,"ISCO08"
"UK",2007,"ISCO88"
"UK",2007,"ISCO08"
"MK",2007,"ISCO88"
"TR",2007,"ISCO88"
"TR",2007,"ISCO08"
"EU27_2020",2006,"ISCO88"
"EU27_2020",2006,"ISCO08"
"EU28",2006,"ISCO88"
"EU28",2006,"ISCO08"
"BE",2006,"ISCO88"
"BE",2006,"ISCO08"
"BG",2006,"ISCO88"
"BG",2006,"ISCO08"
"CZ",2006,"ISCO88"
"CZ",2006,"ISCO08"
"DK",2006,"ISCO08"
"DK",2006,"ISCO88"
"DE",2006,"ISCO88"
"DE",2006,"ISCO08"
"EE",2006,"ISCO88"
"EE",2006,"ISCO08"
"IE",2006,"ISCO88"
"EL",2006,"ISCO88"
"ES",2006,"ISCO88"
"FR",2006,"ISCO88"
"FR",2006,"ISCO08"
"HR",2006,"ISCO88"
"HR",2006,"ISCO08"
"IT",2006,"ISCO88"
"CY",2006,"ISCO88"
"LV",2006,"ISCO88"
"LV",2006,"ISCO08"
"LT",2006,"ISCO88"
"LU",2006,"ISCO88"
"LU",2006,"ISCO08"
"HU",2006,"ISCO88"
"HU",2006,"ISCO08"
"MT",2006,"ISCO88"
"NL",2006,"ISCO88"
"NL",2006,"ISCO08"
"AT",2006,"ISCO88"
"AT",2006,"ISCO08"
"PL",2006,"ISCO88"
"PL",2006,"ISCO08"
"PT",2006,"ISCO88"
"RO",2006,"ISCO88"
"RO",2006,"ISCO08"
"SI",2006,"ISCO88"
"SI",2006,"ISCO08"
"SK",2006,"ISCO88"
"FI",2006,"ISCO88"
"FI",2006,"ISCO08"
"SE",2006,"ISCO88"
"SE",2006,"ISCO08"
"IS",2006,"ISCO88"
"IS",2006,"ISCO08"
"NO",2006,"ISCO88"
"NO",2006,"ISCO08"
"CH",2006,"ISCO88"
"CH",2006,"ISCO08"
"UK",2006,"ISCO88"
"UK",2006,"ISCO08"
"MK",2006,"ISCO88"
"MK",2006,"ISCO08"
"TR",2006,"ISCO88"
"EU27_2020",2005,"ISCO88"
"EU27_2020",2005,"ISCO08"
"EU28",2005,"ISCO88"
"EU28",2005,"ISCO08"
"BE",2005,"ISCO88"
"BE",2005,"ISCO08"
"BG",2005,"ISCO88"
"BG",2005,"ISCO08"
"CZ",2005,"ISCO88"
"CZ",2005,"ISCO08"
"DK",2005,"ISCO88"
"DK",2005,"ISCO08"
"DE",2005,"ISCO88"
"DE",2005,"ISCO08"
"EE",2005,"ISCO88"
"EE",2005,"ISCO08"
"IE",2005,"ISCO88"
"IE",2005,"ISCO08"
"EL",2005,"ISCO88"
"ES",2005,"ISCO88"
"FR",2005,"ISCO88"
"FR",2005,"ISCO08"
"HR",2005,"ISCO88"
"HR",2005,"ISCO08"
"IT",2005,"ISCO88"
"CY",2005,"ISCO88"
"LV",2005,"ISCO88"
"LV",2005,"ISCO08"
"LT",2005,"ISCO88"
"LU",2005,"ISCO88"
"LU",2005,"ISCO08"
"HU",2005,"ISCO88"
"HU",2005,"ISCO08"
"MT",2005,"ISCO88"
"NL",2005,"ISCO88"
"NL",2005,"ISCO08"
"AT",2005,"ISCO88"
"PL",2005,"ISCO88"
"PL",2005,"ISCO08"
"PT",2005,"ISCO88"
"RO",2005,"ISCO88"
"SI",2005,"ISCO88"
"SI",2005,"ISCO08"
"SK",2005,"ISCO88"
"FI",2005,"ISCO88"
"FI",2005,"ISCO08"
"SE",2005,"ISCO88"
"SE",2005,"ISCO08"
"IS",2005,"ISCO88"
"IS",2005,"ISCO08"
"NO",2005,"ISCO88"
"NO",2005,"ISCO08"
"CH",2005,"ISCO88"
"CH",2005,"ISCO08"
"UK",2005,"ISCO88"
"UK",2005,"ISCO08"
"EU27_2020",2004,"ISCO88"
"EU27_2020",2004,"ISCO08"
"EU28",2004,"ISCO88"
"EU28",2004,"ISCO08"
"BE",2004,"ISCO88"
"BE",2004,"ISCO08"
"BG",2004,"ISCO88"
"BG",2004,"ISCO08"
"CZ",2004,"ISCO88"
"CZ",2004,"ISCO08"
"DK",2004,"ISCO88"
"DK",2004,"ISCO08"
"DE",2004,"ISCO88"
"DE",2004,"ISCO08"
"EE",2004,"ISCO88"
"IE",2004,"ISCO88"
"EL",2004,"ISCO88"
"ES",2004,"ISCO88"
"FR",2004,"ISCO88"
"FR",2004,"ISCO08"
"HR",2004,"ISCO88"
"HR",2004,"ISCO08"
"IT",2004,"ISCO88"
"CY",2004,"ISCO88"
"LV",2004,"ISCO88"
"LT",2004,"ISCO88"
"LU",2004,"ISCO88"
"LU",2004,"ISCO08"
"HU",2004,"ISCO88"
"HU",2004,"ISCO08"
"MT",2004,"ISCO88"
"NL",2004,"ISCO88"
"NL",2004,"ISCO08"
"AT",2004,"ISCO88"
"AT",2004,"ISCO08"
"PL",2004,"ISCO88"
"PL",2004,"ISCO08"
"PT",2004,"ISCO88"
"RO",2004,"ISCO88"
"SI",2004,"ISCO88"
"SI",2004,"ISCO08"
"SK",2004,"ISCO88"
"FI",2004,"ISCO88"
"FI",2004,"ISCO08"
"SE",2004,"ISCO88"
"SE",2004,"ISCO08"
"IS",2004,"ISCO88"
"IS",2004,"ISCO08"
"NO",2004,"ISCO88"
"CH",2004,"ISCO88"
"CH",2004,"ISCO08"
"UK",2004,"ISCO88"
"UK",2004,"ISCO08"
"EU27_2020",2003,"ISCO88"
"EU27_2020",2003,"ISCO08"
"EU28",2003,"ISCO88"
"EU28",2003,"ISCO08"
"BE",2003,"ISCO88"
"BE",2003,"ISCO08"
"BG",2003,"ISCO88"
"BG",2003,"ISCO08"
"CZ",2003,"ISCO88"
"CZ",2003,"ISCO08"
"DK",2003,"ISCO88"
"DK",2003,"ISCO08"
"DE",2003,"ISCO88"
"DE",2003,"ISCO08"
"EE",2003,"ISCO88"
"IE",2003,"ISCO88"
"EL",2003,"ISCO88"
"ES",2003,"ISCO88"
"FR",2003,"ISCO88"
"FR",2003,"ISCO08"
"HR",2003,"ISCO88"
"HR",2003,"ISCO08"
"IT",2003,"ISCO88"
"CY",2003,"ISCO88"
"LV",2003,"ISCO88"
"LT",2003,"ISCO88"
"LU",2003,"ISCO88"
"LU",2003,"ISCO08"
"HU",2003,"ISCO88"
"HU",2003,"ISCO08"
"MT",2003,"ISCO88"
"NL",2003,"ISCO88"
"NL",2003,"ISCO08"
"AT",2003,"ISCO88"
"PL",2003,"ISCO88"
"PL",2003,"ISCO08"
"PT",2003,"ISCO88"
"RO",2003,"ISCO88"
"SI",2003,"ISCO88"
"SI",2003,"ISCO08"
"SK",2003,"ISCO88"
"FI",2003,"ISCO88"
"FI",2003,"ISCO08"
"SE",2003,"ISCO88"
"SE",2003,"ISCO08"
"IS",2003,"ISCO88"
"IS",2003,"ISCO08"
"NO",2003,"ISCO88"
"NO",2003,"ISCO08"
"CH",2003,"ISCO88"
"CH",2003,"ISCO08"
"UK",2003,"ISCO88"
"UK",2003,"ISCO08"
"EU27_2020",2002,"ISCO88"
"EU27_2020",2002,"ISCO08"
"EU28",2002,"ISCO88"
"EU28",2002,"ISCO08"
"BE",2002,"ISCO88"
"BE",2002,"ISCO08"
"BG",2002,"ISCO88"
"BG",2002,"ISCO08"
"CZ",2002,"ISCO88"
"CZ",2002,"ISCO08"
"DK",2002,"ISCO88"
"DK",2002,"ISCO08"
"DE",2002,"ISCO88"
"DE",2002,"ISCO08"
"EE",2002,"ISCO88"
"IE",2002,"ISCO88"
"EL",2002,"ISCO88"
"ES",2002,"ISCO88"
"FR",2002,"ISCO88"
"FR",2002,"ISCO08"
"HR",2002,"ISCO88"
"HR",2002,"ISCO08"
"IT",2002,"ISCO88"
"CY",2002,"ISCO88"
"LV",2002,"ISCO88"
"LV",2002,"ISCO08"
"LT",2002,"ISCO88"
"LU",2002,"ISCO88"
"LU",2002,"ISCO08"
"HU",2002,"ISCO88"
"HU",2002,"ISCO08"
"MT",2002,"ISCO88"
"MT",2002,"ISCO08"
"NL",2002,"ISCO88"
"NL",2002,"ISCO08"
"AT",2002,"ISCO88"
"AT",2002,"ISCO08"
"PL",2002,"ISCO88"
"PL",2002,"ISCO08"
"PT",2002,"ISCO88"
"RO",2002,"ISCO88"
"SI",2002,"ISCO88"
"SI",2002,"ISCO08"
"SK",2002,"ISCO88"
"FI",2002,"ISCO88"
"FI",2002,"ISCO08"
"SE",2002,"ISCO88"
"SE",2002,"ISCO08"
"IS",2002,"ISCO88"
"IS",2002,"ISCO08"
"NO",2002,"ISCO88"
"NO",2002,"ISCO08"
"CH",2002,"ISCO88"
"CH",2002,"ISCO08"
"UK",2002,"ISCO88"
"UK",2002,"ISCO08"
"BE",2001,"ISCO88"
"BE",2001,"ISCO08"
"BG",2001,"ISCO88"
"BG",2001,"ISCO08"
"CZ",2001,"ISCO88"
"CZ",2001,"ISCO08"
"DK",2001,"ISCO88"
"DK",2001,"ISCO08"
"DE",2001,"ISCO88"
"DE",2001,"ISCO08"
"EE",2001,"ISCO88"
"IE",2001,"ISCO88"
"EL",2001,"ISCO88"
"ES",2001,"ISCO88"
"FR",2001,"ISCO88"
"FR",2001,"ISCO08"
"IT",2001,"ISCO88"
"CY",2001,"ISCO88"
"LV",2001,"ISCO88"
"LV",2001,"ISCO08"
"LT",2001,"ISCO88"
"LU",2001,"ISCO88"
"LU",2001,"ISCO08"
"HU",2001,"ISCO88"
"HU",2001,"ISCO08"
"MT",2001,"ISCO88"
"MT",2001,"ISCO08"
"NL",2001,"ISCO88"
"NL",2001,"ISCO08"
"AT",2001,"ISCO88"
"AT",2001,"ISCO08"
"PL",2001,"ISCO88"
"PT",2001,"ISCO88"
"RO",2001,"ISCO88"
"SI",2001,"ISCO88"
"SI",2001,"ISCO08"
"SK",2001,"ISCO88"
"FI",2001,"ISCO88"
"FI",2001,"ISCO08"
"SE",2001,"ISCO88"
"SE",2001,"ISCO08"
"IS",2001,"ISCO88"
"IS",2001,"ISCO08"
"NO",2001,"ISCO88"
"CH",2001,"ISCO88"
"CH",2001,"ISCO08"
"UK",2001,"ISCO88"
"UK",2001,"ISCO08"
"BE",2000,"ISCO88"
"BE",2000,"ISCO08"
"BG",2000,"ISCO88"
"BG",2000,"ISCO08"
"CZ",2000,"ISCO88"
"CZ",2000,"ISCO08"
"DK",2000,"ISCO88"
"DK",2000,"ISCO08"
"DE",2000,"ISCO88"
"DE",2000,"ISCO08"
"EE",2000,"ISCO88"
"IE",2000,"ISCO88"
"EL",2000,"ISCO88"
"ES",2000,"ISCO88"
"FR",2000,"ISCO88"
"FR",2000,"ISCO08"
"IT",2000,"ISCO88"
"CY",2000,"ISCO88"
"LV",2000,"ISCO88"
"LV",2000,"ISCO08"
"LT",2000,"ISCO88"
"LU",2000,"ISCO88"
"LU",2000,"ISCO08"
"HU",2000,"ISCO88"
"HU",2000,"ISCO08"
"MT",2000,"ISCO88"
"NL",2000,"ISCO88"
"NL",2000,"ISCO08"
"AT",2000,"ISCO88"
"PL",2000,"ISCO88"
"PL",2000,"ISCO08"
"PT",2000,"ISCO88"
"RO",2000,"ISCO88"
"SI",2000,"ISCO88"
"SK",2000,"ISCO88"
"SK",2000,"ISCO08"
"FI",2000,"ISCO88"
"FI",2000,"ISCO08"
"SE",2000,"ISCO88"
"SE",2000,"ISCO08"
"IS",2000,"ISCO88"
"IS",2000,"ISCO08"
"NO",2000,"ISCO88"
"NO",2000,"ISCO08"
"CH",2000,"ISCO88"
"CH",2000,"ISCO08"
"UK",2000,"ISCO88"
"UK",2000,"ISCO08"
